AAAAGGTGACTATGGT,9
AAAAGTTAATTACTAC,1
AAACAAATCGCCAACC,3
AAACAATGAGTTACTT,3
AAACAATGCTCTTCAC,2
AAACTACAAGCAAGTC,2
AAACTATGACCCATCT,4
AAAGAAAAATTTGGCT,1
AAAGAAGTTGTACAAT,6
AAAGACCAATCAACCC,1
AAAGAGCAGCTGTCAC,1
AAAGAGGAAGTTAAGC,5
AAAGTGCAGCTCGGTG,9
AAAGTTGCAACCATAC,7
AAAGTTTCGACAAATC,1
AAATATGCAGCAGATT,8
AAATGAGTACCGACAG,2
AAATGGAAATTTCCTC,2
AAATTAGGAGCGTCGC,4
AACAACTAATCAGGGC,2
AACAGAATGGCTGAAC,1
AACAGCTGCTTTATGC,1
AACATATTTTCTGTTC,5
AACATTTCTCCATGAT,1
AACATTTTGGCGTTAC,1
AACCAAATACCTGGTG,3
AACCTATTACTGTGTC,2
AACCTTGCACCCCACC,2
AACTAAAGAGTCTCTT,2
AACTGAGGGTTAATTC,2
AACTGGAGTTCATGCT,1
AACTGTTAATCAAGTT,1
AACTTATGCTTAAGGC,1
AACTTCTCATTGTTTT,1
AAGAAACAATTTATTG,1
AAGAAACACGCAAATT,2
AAGAAACGAGTAACTC,1
AAGAAGTTACAGAGAC,1
AAGAATCTACTTAAGC,1
AAGAGAGAAGTTGCTT,10
AAGAGATCACTGTGGC,2
AAGAGGAATCGTAGTC,7
AAGATGCAATTTAGGT,5
AAGCAATGTTGGACTT,1
AAGGAATGGACAATCT,1
AAGGAGCACATGTTGC,5
AAGGAGCAGCTGCAAC,2
AAGGAGTATTTTAATT,4
AAGGCACAATCCAAGC,1
AAGGTCCTTTTATGTC,1
AAGGTGACGGCATTTC,1
AAGTCTTGTGTAAATC,3
AAGTTAAAGCCCAATC,1
AAGTTGTAGGCAATGT,3
AAGTTTGCACTTATGC,3
AATAAAAGATGGCAGC,1
AATAAAAGCGCTGGTT,1
AATAAACAAATTGTTC,1
AATAACTTATTGCAAC,5
AATAAGAAATTGTATG,1
AATAAGCCTCTTTCTC,5
AATAAGTTGTCTAAGT,1
AATAATTAAACTAATT,3
AATACCCTGTTAGTTC,1
AATATCTTATCAGTTA,7
AATATGTAATAGTTGC,1
AATATGTTACCTGCTT,1
AATATTTTAACAGTAC,1
AATCAGCTGCTCTTTC,9
AATCAGCTGCTCTTTC,4
AATCCAGTAGTAGAGC,5
AATCCGGTACCGAAGT,3
AATCTGCTACGTGTAT,1
AATGAAGAATTGGTTT,1
AATGAATTACCAAGTC,2
AATGAATTGTCACGCC,1
AATGGCTGATTTAGTC,2
AATGGTTAATTGGTTT,2
AATGTCTAAACTAAAC,10
AATGTTGGACTGAGAC,8
AATTACCGACTGCCAT,6
AATTAGAGATGGAACT,6
AATTCAAAGACAACGT,1
AATTCAAAGTGAATTC,4
AATTGACTACCTCATT,4
AATTGCATACCGCAAT,1
AATTGCTTACTCTAAT,3
AATTGGAATGTGGAGT,9
AATTTAAAAACTCTGT,2
AATTTAAGACCAGATC,1
AATTTCCAACCACTGT,3
AATTTTAAATCTATTT,1
ACACAGGCACCTACAC,9
ACAGCACTATCAACAC,2
ACATTTTCATCGAGGC,1
ACGTTATAGCCTTGCT,2
ACTCAAAAGTCAAAGT,2
AGAAAATTGTTAAGGG,2
AGAACTCTGTCAACTC,2
AGAATTAGAGCTTCAC,1
AGAATTTAGGTATATG,2
AGACGTGGTCCAGAAC,10
AGAGAAACATTCGTTC,3
AGAGTAAGGTTGTTTC,5
AGATGATTACCAAGGT,1
AGATTATAACCTTTCT,3
AGATTTAAAGCTTGAC,1
AGCATATAATCTTGTC,1
AGCCTAATTTTGACTT,9
AGCCTTTAAGCAGAGT,7
AGCGAGACACTGTTGC,1
AGCGATAGGTTTTATC,9
AGCGTAACATTAAACC,2
AGCTATGGACTCTGGT,3
AGCTGATGTGCCAACC,5
AGGAACATACGAGGGC,4
AGGAAGAAATTTCCTC,7
AGGAGCTGAGCATGTC,3
AGGCAATAAGTTTTAT,1
AGGCCAAAACAGCGCC,1
AGGCCATTTCTAATTC,9
AGGCGGCAGTCAAGCC,10
AGGCTACAACCAAGAC,1
AGGCTACTAACAATGC,6
AGGTCAAGAGCAAACT,10
AGGTGACAGTTGTAAC,2
AGTCTAGAAATACCAC,1
AGTGAAGAGATTGTAC,5
AGTTCTGAGTTGAAGC,4
AGTTTACTACCAGCTT,1
ATAACAGTAACTATGC,3
ATAATGGGACCAATGT,1
ATATAACCACTTACCC,5
ATATAACTGCTAAGGA,3
ATCCAGCAATGGATCC,1
ATGAAAAACTCAAACC,1
ATGCTATGGGCAAACC,3
ATGGAATAACCAAACT,6
ATGTGATTACTTGTAT,6
ATGTTGCAATCACTCG,3
ATTAAATATGTTGCAC,1
ATTAGGAGACCATTCC,3
ATTGTTTAACTTCATC,1
ATTTAACAACTTTGTC,1
ATTTTGCCATCGGACT,2
CAAAAAGAAATTGACC,9
CAAAAATGACAAAAGC,3
CAAAAATTGTCAGTGC,4
CAAAACAGTACAACGT,1
CAAAACTTACTACAGT,4
CAAAAGCAGTCTGTAT,1
CAAAAGTAACTAGTGC,3
CAAAATCAGCGAAATG,10
CAAAATCCACTTGCTG,2
CAAAATGAAAGAGCTC,1
CAAAATGTGACAGAGC,1
CAAAGAGATTTCAACC,1
CAAAGTCTACTATGGT,3
CAAATAGCACCTGTTC,10
CAAATCCAACCATAGC,1
CAAATGAATCTTAAGT,9
CAAATGGAAACTGACT,3
CAACAAATGGCCGTGG,1
CAACAGTAGACAACAT,6
CAACCAGTATCTGAAT,5
CAACGTTTATCCAAAG,3
CAACTCACACCAGCTT,3
CAACTTAGAGTAGAGT,3
CAACTTTTAACGTACC,1
CAAGGGGTTCTAGTGC,1
CAAGTTGGAGTAAGGC,1
CAAGTTTGATGAGGAT,1
CAATCTATTCCTATGC,2
CAATGCTGGGTCTTAC,8
CAATGGGGATTTTTAT,6
CAATGTTTATTGTTAT,2
CACAAACTACTGAAAC,3
CACAAACTGCAGAGGC,4
CACAAACTGCTCAAGG,1
CACACATAACTATGAC,2
CACAGAGGAACTTCTT,5
CACAGCTTGCTGAATT,2
CACAGGACATCTTACT,3
CACCACTATTTGGGTT,2
CACCATCTACTCTATC,1
CACCATGTAACCAACC,1
CACCCAGAGCTTAAGC,6
CACCTAGTACCACAAT,1
CACGACTTAACTATGT,6
CACGCGCGGGCAAGTC,3
CACGTCCAACTCAGTT,8
CACGTGTTGTTTATAC,2
CACTAACAAACAATGT,1
CACTAGCCATCCTTAC,9
CACTAGTTATTATTGC,3
CACTATTTGTCTATGT,1
CACTGATATTGATGTT,1
CACTGTAGTACAGCGC,1
CACTGTGTGGTTTTCC,1
CACTTAGGATTACTAG,1
CACTTAGTACTATCAC,6
CAGAAACGCTCAAAGC,1
CAGAATCTTTCTCCGC,8
CAGACACATACTATGA,3
CAGAGAAGGCTATTTG,3
CAGAGACAAAAGAAGC,3
CAGATGCTACTGATTT,1
CAGATTCTATTCACTT,1
CAGCAAACTTCCAATC,4
CAGCAGCCGCCATACC,4
CAGCCTACGCCAATTC,4
CAGCGTATATCATATA,1
CAGCTACAGGTGATGT,6
CAGCTATAATGCAGGT,2
CAGGGGGCAACGTGTT,3
CAGTACATACATTGTC,1
CAGTAGCGATTGTAAT,3
CAGTGTCGAACAGCTT,2
CAGTGTGTGTTAGAAC,9
CAGTTGTCTTCCTATT,3
CATAAGCACGCATTCT,4
CATAATAAAGCTTGTT,5
CATATACAGACTGTTC,2
CATCAAAGGCTTAAAC,2
CATCAATCACTTCTGC,1
CATCACTCAGCGCACT,3
CATCCAAATCCTAAAG,1
CATCGGCAATTAGTCG,8
CATCTGCAATCAACAG,1
CATGCTGTACCGACTC,5
CATGGATTATCTTGAT,4
CATGGGTGGTTGGTTT,4
CATGTCTAAACATACT,2
CATGTCTGCTTTAAAC,2
CATGTGGCACCAATGT,3
CATTAAGAAACCTAAT,2
CATTAATAATGCTGTT,2
CATTCTTATCCCATTT,6
CATTGCTGACTAAAGG,3
CATTGTCTATGTAGGA,5
CATTTGCTACAAGTTC,1
CATTTGGTGCTGGCGC,3
CCCGAAGCAGCACTCC,1
CGATAACAACTTCTGT,4
CGATTACATACTTGCC,3
CGATTCAGATCTTAAT,8
CGCGAAGAAGCTATTC,1
CGCTGGCATTCCATCT,2
CGGAGATAAGTGTGAT,5
CGGCATGGAGTAAGGC,3
CGGCTTGATTCAATTC,10
CGGTAAAAAGCTAATT,6
CGGTTGTTACTTATGT,5
CGTAATCACTCAACCT,1
CGTACAGAAGCCTGTC,2
CGTAGGTGAATGTGTT,1
CGTATGTGTGCTATAG,1
CGTCAACAACCTAGAC,1
CGTCAAGATACTTGTC,1
CGTGATGCTGCCATGC,1
CGTTAACAATCTGGAT,2
CGTTCTGATTCTAACC,8
CTAAAGCATACAATGT,10
CTAATAGCAGCGGACT,1
CTACAACCATCAAGCC,3
CTAGACAGATTGAACC,3
CTATAAAGATTGGTCC,4
CTATAATAAGCGTGCC,1
CTCAATGTGGTCATTC,2
CTCTAAGAGCCAACTC,1
CTCTTAATGCCAATTC,9
CTCTTATGGTTATGGC,1
CTGCATTGGTCTGATC,3
CTGCCCCAGCTTGAAC,3
CTGCTATGACCATGTC,2
CTGGTGCTATTAATGC,3
CTGGTGTTATCAGATC,2
CTGTGGCTACCTTGAC,10
CTGTGGGTACTAACCT,1
CTGTTGCAAATGGTTC,1
CTGTTGCAGGCGTGTC,3
CTTCGGGAACGTGGTT,10
CTTGACAGATTGAACC,10
CTTGGTTCACCGCTCT,10
CTTTACTTACCTGTGT,3
CTTTTACTACTAGCAC,4
GAAAAATGGCGCGCTT,2
GAAAATAAATCTGCGG,1
GAAAATAAGACAACAC,2
GAAACCTAAACCAGTC,3
GAAACTGTTGTGGGTC,1
GAAATGTACCTAAAAT,1
GAACAGAAACTATGTC,3
GAAGAACCAGTTAATC,2
GAAGAGAAACTTTCTC,6
GAAGAGCTACCAGACG,10
GAAGAGCTACCCGACG,1
GAAGATGAATTGGCAC,1
GAAGATGAGTTTACAC,1
GAAGCTGCAGCATGTC,2
GAAGGACAGGTAGACC,2
GAAGGATGAGGAAGGC,1
GAAGGTAGTCGTGTGC,8
GAATAAGCATGCATTC,1
GAATATTGATTATTTT,7
GAATCGGGAGCTGTTT,2
GAATGCTGACCTTTAC,4
GAATGTATTCTGGGTC,3
GAATTGTATCTTAATT,1
GACAAAATACGCCAGC,4
GACAAAGGAATTTACC,5
GACAAGAGTGCTGGCC,3
GACAATTCACCAAATT,2
GACAGATGTCCTGTGC,1
GACAGGCAATTACTGT,1
GACCAGTGACTGATGT,5
GACCTTAAATTCAGAC,10
GACCTTGTACCAACTC,1
GACGCATGGTTTAGCC,1
GACTCACAATTGGAAT,2
GACTGTCGATGTTGCT,4
GACTTACAGTGTTGCC,2
GACTTCGTAATCACTC,2
GAGAGTCAAATTAACG,1
GAGATGTTTTTGTTTT,6
GAGCAATATATTAAAT,1
GAGCATGAAATTGCCT,3
GAGCATGAAATTGCTT,6
GAGCCATAATGGCAAC,2
GAGCGAGGATCGTGTT,1
GAGCGCTTTGTAAGTC,1
GAGCTTAAATCTAAAC,1
GAGCTTCCAACAGGAG,5
GAGGAAAATGTTATTC,8
GAGGCAATAGTCAATC,1
GAGTAAAGAGTTACTT,6
GAGTCGTGAACGTGTT,2
GAGTGGTTCACCAGGT,4
GATAAACAAGTGCACC,1
GATAACCAGTCGAAGT,8
GATAGCAAGATTGTTC,3
GATCTGAAACCTTTAC,4
GATGGTAGACCTGTTC,1
GATGGTCATGTGTGGC,3
GATGTAGAAACTCCAC,2
GATGTAGTTCGTGATC,1
GATTAATGATATGGTT,8
GATTATTTGTCCAATT,2
GATTCTCAAATTTCTC,2
GATTGATGTGTAACTT,2
GATTGGAAATCAACCC,4
GATTGTATGACTTTAC,2
GATTTACAAACAATTT,3
GATTTCTGTGTTAGTC,1
GCGGTATAATCTTGCT,6
GCTGAACAAGCACATT,1
GCTGAATAAGCATATT,10
GGAAAACGAACTATGT,3
GGACAAAGAACAATAC,3
GGAGTTTATTCAAACA,4
GGATGAAAGTTGTAAT,7
GGATGATTATCAAGGT,3
GGATGTAAACTTACAT,8
GGCCCAGAAGCTTCAC,2
GGCGCAAAGTTGCGAT,2
GGCTATTTTGCTAGTC,1
GGCTGCATGCCTAGTG,3
GGCTGCTATTCAAAAC,3
GGCTTGAAAACCATTC,3
GGGAAGCCAGTTACTT,6
GGGCAATTCACCATTT,2
GGGCCAGAAGCTGGAC,10
GGGGCGCGATCAAAAC,9
GGGTTGCAACTGAGGG,10
GGTATAACACTGGGAG,1
GGTCGGCATGCAAAAG,4
GGTGATAAATTAGATC,6
GGTGGAGCTTCAGTGT,2
GGTGTAAAACCAGCTG,5
GGTTGCCTGCTGGTAC,6
GTAAATTATGTAAAAC,2
GTAAGACTATTCAATC,1
GTACCATTATGAAAAC,6
GTAGTAGAATCATACC,1
GTCAAATTAATTGTTG,2
GTGTAGTTTTCCACTT,2
GTGTGACAACCCTTTC,2
GTGTTAGCACTGACAC,5
GTTATGATGTCAGCAC,7
GTTATGATGTCTGCAC,2
GTTCTAACACCGAGTT,1
GTTGAATGATCTTTGC,4
GTTTGTGGACCAAAAT,2
GTTTTATAATTTTTTC,4
TAAAAATAACAGAGTT,6
TAAAAATTGACAATGC,2
TAAAAGACATTGAACC,3
TAAAAGGTAGCTCAAC,4
TAAAATTAAGTACCTT,5
TAAACACAAACACACC,1
TAAACATAAGCATTTT,1
TAAACGGTGTTGGCAT,3
TAAAGACATGCAGTTT,2
TAAAGATAAGTTGTTT,6
TAAAGATTGTCCAGCG,1
TAAAGCCAACTAAGAG,2
TAAAGTAAAACGTGCT,1
TAAAGTTCATTTTTAT,10
TAAAGTTGTGTTAAGC,6
TAAATGTTGTTCCATT,2
TAAATTTATCTCAACC,7
TAAATTTGTCCGTATC,3
TAACAAACAATACCTT,5
TAACAAGTATAAGTAC,2
TAACAATGATTGAGTT,4
TAACACTTACCTGGAG,4
TAACATAGGTTGTAAC,1
TAACATTTGTCAAGCT,2
TAACCATGACCAACAT,2
TAAGAAAGATTGGTAT,1
TAAGATTGGCTGTAAT,1
TAAGGAGAATCAAATC,3
TAAGTGCAGCCCGTCT,9
TAAGTGTAATTTAGCT,3
TAAGTTTTATCAAATT,5
TAATAAAAATTATGTT,8
TAATAAAGACTTTTAT,1
TAATAAGAACCTTCCT,9
TAATAAGAGTGTGGCT,9
TAATAATTGTTGGGTG,4
TAATACCAGTCTTGGT,9
TAATAGAGCCCTAGTT,4
TAATAGCTTGTGCATC,4
TAATAGTAGTGTGCCT,8
TAATATCAGCTTATGT,3
TAATCACGATCGTTAT,1
TAATGACGTTCGTGAT,2
TAATGAGAAGCAAGAA,5
TAATGCAAGGCATATC,1
TAATGGCAAGTGTTTG,1
TAATGGGAACTGGTAC,2
TAATGGTACACATACC,6
TAATTACTATTCTTAT,2
TAATTGTAGTTTCCAG,1
TAATTTTAATATGAGC,8
TAATTTTGAGCCATTT,5
TACAAAGAATTAGGTT,5
TACAAAGTATTACCTC,2
TACAACATACCCTACT,8
TACAAGCCACTAAATT,4
TACAAGTGCCTTTATT,2
TACACACAATCGACGG,1
TACAGAATTTCAAGGA,9
TACAGAATTTTAAGGA,10
TACAGATTATGTTGAT,1
TACAGGCAGTGTTTGC,4
TACAGTGTATCATGCT,2
TACATATAATGGATAC,3
TACATCATTACAATGC,3
TACATGTGTGTTGTGC,1
TACATTGCATTATTTC,2
TACCAATGTGCTATGA,1
TACCAGCGATTTAGGT,8
TACCAGTGATTTAGGT,10
TACCCACTTACAAAAC,1
TACCGAAGAGCTACCC,1
TACCTACATTTTCTAT,7
TACCTATTTTTTAGTC,9
TACCTCTGATTGGTCT,2
TACCTTATATTAAATT,1
TACTAACATTCTACCT,3
TACTACTCAGCAAGCT,4
TACTAGAAGGTTCTGT,1
TACTATAACTCAAATG,8
TACTATCAACTGTCAA,2
TACTATTGTTCCACCT,1
TACTGATGACCGTTGT,1
TACTGATGTTCTTGTT,1
TACTGGGAACCTGAGT,1
TACTGTCATACCTGAC,4
TACTGTCTTGCGTGAC,5
TAGAACTGGTCAGTTT,9
TAGACAAAGTTAAAAC,4
TAGAGCTTACCTAGGA,2
TAGATACGAGGAATAC,3
TAGATGGTGTCCTTTC,2
TAGCAATAATCAAGAG,7
TAGCATTAACCATGAT,5
TAGCTAACATCTTTAC,2
TAGCTAATATGTTACC,7
TAGCTATGGTTATTGC,1
TAGCTGTTGACTTTAT,7
TAGCTTTTGATAAGCT,2
TAGGAAAGGTTTTACC,3
TAGGACTTGTTAATTC,2
TAGGCTTAGCCAAGCG,3
TAGGGCATGCCGATTT,2
TAGTAATAGGTTTCCT,9
TAGTACCATTGATTCT,3
TAGTACCGGCTGGTTT,3
TAGTATTGATGCTTTC,2
TAGTCATAGTTTGTTC,1
TAGTGACGGCTACTTC,2
TAGTGACTTCCTACCC,9
TAGTGTCATTCCACTG,9
TAGTTATAGACAATTC,2
TAGTTGTTGATTGTGC,2
TAGTTTATACTGCTGC,1
TATAAATTGCCAGATG,2
TATAAGGAAACAAATT,2
TATACTATTGTTGTTC,1
TATACTCAACTGTGTC,3
TATAGAACATCCTGAT,3
TATATACAATCTGTTA,6
TATATGCAATTGTGCC,5
TATCAGTGTGCCATGA,1
TATCATGGATGGTTGC,2
TATGAATGGTCGTACT,2
TATGACTAATCCAGAT,7
TATGAGCTATTATTGC,1
TATGAGTATTGTCAAC,2
TATGATTGTGCAATTT,1
TATGGACAATTCACCT,2
TATGTATAAGCAAGCA,4
TATGTATTGTTCCTTT,1
TATGTATTGTTCTTTC,2
TATGTTGATTTGAAGT,2
TATGTTGCAGCATATT,2
TATTAACAAGGACACT,5
TATTAACTGGTTTGTT,2
TATTAAGGATTGTGTT,1
TATTACAGTTCAATAT,1
TATTACATATGTTTCT,4
TATTACGAACCTGTGC,3
TATTATAAAGTGAATT,1
TATTATCTGCTGATGC,2
TATTATGAAGCATTAT,5
TATTCAAGATTAATAT,8
TATTGAACAGCTGCTT,6
TATTGAAGACTGACAG,2
TATTGACTATAGACAC,4
TATTGCTGACCTTGCT,10
TATTGGAAAATACTAC,1
TATTGGCAAACAGCGT,1
TATTGGGACCTCTTTC,2
TATTGGTGACTTGTGC,1
TATTGTGGATTCATAT,1
TATTTACACTCAGAGT,2
TATTTATGACCGGCTT,9
TATTTATGATTATGTT,3
TATTTGCAATTCAGCT,4
TATTTGGAATCTTGAC,2
TCCAAACAATTGCAAC,9
TCTAAATGACTTTAGC,3
TCTTATGGGTTGGGAT,2
TGAAACTAATGCAATC,9
TGAACATTGCTAAATG,2
TGAAGGCAAAGCATAC,4
TGAAGGCAGTCGCTGC,2
TGAATATAAATGATTG,4
TGAATGCAACCAAATG,5
TGACAAGAACCCTATT,1
TGACAGCTAACAATCT,10
TGACCTTGACCGGTGC,3
TGACTACTTTTGAAAT,7
TGACTGCTAACAATCT,10
TGAGCAGTGCTGACTC,9
TGATAGCTACTATTCT,1
TGATAGTGTTCAGTGC,1
TGATCGTTACCCAGCC,2
TGATGAAAATTATAAC,1
TGATGTTATGCGTTAC,7
TGATTGGCGGTGATGT,1
TGCACTTATTTGTTCT,1
TGCAGATTATCACAAC,2
TGCCACTAAGTTGAAT,1
TGCCACTTAGTGCACC,2
TGCCACTTGGCTATGT,4
TGCCTGAAACCTACTT,3
TGCCTGCTAGCTGGGT,2
TGCGAAGATCTAAAAC,3
TGCGTACAGTCAGATG,1
TGCTAACAATCTAACT,10
TGCTACACACCTTCCA,2
TGCTATAAGAGGAACC,1
TGCTCGATAACCGTGC,2
TGCTCTTAACCATCTC,7
TGCTGATGATTCAGGT,9
TGCTTGTTCTTACAGT,6
TGCTTTAGATCAAGCC,1
TGCTTTAGATCAAGCT,6
TGCTTTTAACTTTCTT,2
TGGATTAGACTCCCTT,5
TGGCCGCAAATTGCAC,10
TGGCCTGCAACCGTGT,3
TGGCTACAAACAATGT,1
TGGCTGCAACGTAACT,2
TGGGACCAGACATACC,2
TGGGAGATTCTCAAAT,1
TGGGCACAATGTGTAC,1
TGGGCTCTTGCCAACC,3
TGGTAATTACCAGTGT,5
TGGTCATTACCAGACT,1
TGGTGGTTACTACGTC,1
TGGTTGCGTTCTGTGT,1
TGGTTGTGTTCCACTC,1
TGTAACCCACCAGATC,2
TGTAGAGTTCCTAGTC,6
TGTATAAAGGCAAACC,3
TGTATACCGGCATCAC,6
TGTCACTTGTTAACTT,5
TGTGGAGTATCCCATC,5
TGTGGATTTCCTACTT,1
TGTGGTGAGTCTATGG,6
TGTGGTTCAACTAAAC,9
TGTGTTTAGTCAAGTT,6
TGTTAAAAATCTGAAC,2
TGTTAAAAATCTTAAC,3
TGTTAAAGACTGATAG,7
TGTTAACGGGCATTGC,9
TGTTAACGGTCCATTT,1
TGTTAAGACTCTTTTG,4
TGTTAAGCGTCGTGCT,2
TGTTAATCAACAAGGC,1
TGTTAATCAACAGGGT,9
TGTTCTGCGTCAACCT,3
TGTTGATAAACAAGTT,3
TGTTGGCCATTATGTT,2
TGTTGTAGACGGTTGT,1
TGTTGTTAAACAAGGC,4
TGTTGTTAAACCAGTC,1
TTAAAATTAATGACAC,7
TTACAAACGTCAGAAC,2
TTACAGAGATTGGTCC,3
TTACATTAAGCTAAAT,3
TTACTAGAACTCTGTC,1
TTATAAAATTTGGTAT,6
TTATATATGCCAATGT,5
TTATCGCATCTAACAC,1
TTATGGTGTTTATGGC,9
TTATGTGTACCTTCCT,1
TTCAGTTAACCAAATT,5
TTCTTCAACTCGTAAC,9
TTCTTTTAAACCAGGT,2
TTGAAGAAGTTACAAC,6
TTGAGGAAGCTAAGAC,3
TTGTAACAACAAAGAT,1
TTTAAACATCTTATAC,1
TTTACACCACTAATTC,2
TTTCAATCGTCAACTC,2
TTTTAGTAATCATTTA,4
TTTTGAAGACCAACCT,1
TTTTGATGACCAACCT,1
TTTTGTCAATTTAGAC,1
TTTTGTGTTTCAAGTT,5
TTTTGTTAAACAAGGC,4
TTTTGTTAACTTAGAC,1
TTTTGTTTACTGACTC,2
TTTTGTTTTTCAAGTT,1
